word,frequency,average_views
charge,3,652980.6666666666
your,81,3063906.135802469
phone,85,3884218.623529412
with,27,1783211.851851852
fire?!,1,1733322.0
bizarre,4,3467311.5
amazon,6,8224978.0
products,8,8003659.375
that,45,7532742.4
actually,23,5690887.217391305
work!,3,4093227.3333333335
samsung,150,2359826.3333333335
z,8,2698680.125
flip,4,2966631.0
6,44,7818364.431818182
/,74,3726007.121621622
fold,5,2917379.8
review,146,819959.1506849315
-,485,1306592.5195876288
don't,6,3854442.6666666665
make,23,913478.5217391305
a,91,3912756.4065934066
mistake!,1,1720961.0
$5,6,18471598.166666668
vs,219,4419676.200913242
$50,9,7465083.555555556
handheld,6,3434844.8333333335
fan!,1,3921068.0
how,63,2458767.111111111
to,97,2059480.3298969073
spot,2,416691.0
scam,2,3817938.5
nvidia,23,111440.0
just,11,3448851.6363636362
beat,8,1958354.5
every,16,9119649.9375
other,1,1716436.0
tech,81,6652451.9382716045
company,1,1716436.0
what,42,4020828.619047619
happens,3,10439228.333333334
when,4,7900156.25
you,112,4199606.633928572
photocopy,1,8960271.0
money?,2,4489952.0
i,90,8021435.944444444
tested,19,7519652.578947368
new,62,1091224.435483871
product!,1,4150993.0
these,8,3193206.25
spy,2,5815704.5
cameras,4,3705101.0
are,42,4990044.738095238
terrifying!,1,5027946.0
why,37,2519978.810810811
the,441,3813228.172335601
nothing,7,4309488.0
cmf,1,4442813.0
1,14,1953993.5714285714
is,88,2968617.4204545454
game,11,3627908.909090909
changer.,1,4442813.0
bought,35,12460073.057142857
world's,19,7151451.684210527
rarest,4,8443284.0
tech!,2,4805003.5
this,47,6674219.106382979
bed,1,4418790.0
costs,1,4418790.0
"$1,000,000",1,4418790.0
most,48,8602140.354166666
high-tech,2,2489505.0
wedding,1,3101176.0
speech!,1,3101176.0
shockingly,1,4602235.0
realistic,2,3199238.0
keyboard,8,12088553.5
caps,1,4602235.0
viral,3,8936455.333333334
led,7,5430365.857142857
gadgets,37,8150421.513513514
crazy,8,2072566.375
my,45,1682273.088888889
dream,4,9862845.25
everyday,1,4058949.0
ai,4,3402899.25
generated,1,2056295.0
perfume,1,2056295.0
insane!,2,1100547.0
can,30,6997697.4
now,4,1746049.5
smell,1,3401162.0
video,7,707095.2857142857
games!?,1,3401162.0
dear,4,3660774.75
apple,22,4028033.6363636362
ipad,17,420469.23529411765
needs,3,859965.0
help.,1,2217163.0
14,14,7692853.285714285
awkward,1,7851880.0
fails,13,11591605.846153846
of,100,1371927.83
all,9,3854331.222222222
time,1,7851880.0
calculator,1,8277906.0
wrong?,1,8277906.0
they,14,6325039.071428572
strapped,1,1810620.0
me,5,4063821.6
lie,2,1230278.0
detector!,1,1810620.0
minimalist,1,7710413.0
ever.,18,8411081.777777778
you‚Äôve,2,5989694.0
never,25,3233873.4
seen,3,4358869.333333333
an,5,4092941.0
e-reader,2,1489148.5
like,4,4512652.0
this.,3,4296187.333333333
unreal,1,16498823.0
optical,1,16498823.0
illusion,1,16498823.0
pencil,1,4182699.0
bonkers,2,4258976.0
$1,8,24822166.25
case,15,1940733.6666666667
spent,1,4190694.0
$3600,1,4190694.0
on,58,2810506.9137931033
pro,136,3424300.1911764704
m4.,1,4190694.0
un-spillable,1,2121543.0
mug.,1,2121543.0
repairs,1,4076539.0
getting,4,3633524.75
ridiculous,3,5032113.666666667
here's,5,2822909.4
why.,4,4997906.5
4,19,2220723.1578947366
times,3,16265899.666666666
survived,1,6015106.0
disaster,1,6015106.0
everyone,5,3763429.2
buying,4,4392802.5
mic?,1,3619402.0
i've,2,5827100.0
used,7,4383010.571428572
drone,1,5944479.0
before,2,7879587.0
get,7,19688866.0
20,26,2451031.3846153845
million,2,7277973.0
notifications?,1,14230737.0
insta360‚Äôs,1,1325727.0
x4,2,3797309.0
camera,68,2326672.6911764704
hits,1,1325727.0
different.,2,4396966.0
cases,6,27236393.5
didn‚Äôt,3,5683389.0
know,18,4497599.444444444
wanted,1,11939402.0
internet,1,6411447.0
starting,2,5154345.0
break,3,4871243.333333333
humane,1,2685962.0
pin,1,2685962.0
it's,3,2794554.0
not,13,5050536.846153846
good.,1,2685962.0
"$4,000",1,8382262.0
speaker,31,304448.67741935485
phone‚Äôs,1,4335253.0
battery,41,2751540.7317073173
xiaomi,50,1912484.9
ultra,41,4689221.12195122
better,11,3502663.4545454546
than,14,3164731.0714285714
samsung?,3,2498588.6666666665
unbreakable,1,6782179.0
ever!,16,8238569.3125
stop,4,4989043.25
bullet?,1,9905743.0
5,80,9256711.4375
social,3,21691039.0
media,5,14426432.6
challenges,3,21691039.0
need,20,1818744.55
incredible,11,2188064.909090909
lego,4,17014940.75
products!,3,26992656.333333332
brutal,3,6748147.666666667
pranks,2,22478278.0
(2a),1,3322742.0
did,4,4186020.25
lie?,1,3322742.0
vision,2,7320749.5
does,10,5508818.9
exist?,1,3555116.0
phones,13,4005992.5384615385
exploding,1,8334462.0
fire,1,8334462.0
extinguisher!,1,8334462.0
cheapest,9,9642136.666666666
in,71,5947612.3239436615
india!,1,11151512.0
best,249,579397.7710843374
fake,10,2940412.9
iphone,136,5140716.301470588
hated,1,2462533.0
smartwatches,1,2462533.0
$10,5,20681637.6
$400,1,8119781.0
toaster,1,8119781.0
13,21,7430088.428571428
evil,1,6458256.0
10,69,1667475.115942029
things,11,2293686.909090909
about,37,3359222.0
instagram!,1,3047802.0
s24,3,7037234.0
goodbye,1,6597049.0
iphone?,2,7254538.5
"$2,500",2,23322916.0
lightsaber,1,41325614.0
3,32,4273823.6875
limited,3,7021679.333333333
edition,11,2126746.727272727
phones!,3,13070886.0
oneplus,72,1369692.1805555555
12,22,5503302.590909091
year,2,1894537.5
already?,1,3751212.0
15,21,5643062.476190476
max,41,4255112.097560976
battle!,4,7450992.25
hands,3,5988153.666666667
galaxy,125,1570651.872
crazy!,2,3785579.0
8,49,1725512.1836734693
tiktok!,1,2062963.0
"$5,000",2,18000500.0
chair!,1,26405493.0
100,4,4529284.75
problems,1,3553307.0
fix.,1,3553307.0
hologram,2,14132215.5
generator,1,2840914.0
mind,3,1014040.0
blowing!,1,2840914.0
apple‚Äôs,2,8447483.5
thinnest,4,20580689.5
ever,10,6418586.0
device,2,6947365.0
ridiculous!,2,8874856.0
exclusive,2,4370450.5
world!,6,29527449.0
phone?,7,2421181.285714286
17,5,6643715.6
garbage,1,7093230.0
fails.,1,7093230.0
sharpest,1,62687435.0
knife,1,62687435.0
cybertruck,1,8180177.0
comes,1,8180177.0
what!?,3,8765507.0
playstation,15,2265060.0
ruler,1,14630294.0
craziest,7,6750009.714285715
japan,1,10012357.0
value,4,461419.5
earphones,44,90395.75
nintendo,8,6582181.5
console!,2,2541077.5
smartphones,45,2991977.7333333334
for,55,1349266.0727272728
2024!,1,6109354.0
shoes,1,3109312.0
future!,2,1665319.0
futuristic,2,10745175.0
world,7,5095065.285714285
entered,1,6632872.0
highest,1,6632872.0
prison.,1,6632872.0
lost,1,12977696.0
millions,1,12977696.0
subscribers!,1,12977696.0
has,11,5678645.818181818
secret.,1,3356396.0
single,2,13199585.5
playstation!,1,25085938.0
cheap,31,1034495.7419354839
expensive,5,8682194.8
close,1,5833389.0
they!?,1,5833389.0
hide,1,7104685.0
airtags,2,7695404.0
banned,1,6228623.0
huawei,57,1738124.9649122807
products.,1,6228623.0
terrifying,2,4696354.0
smartphone,179,3346885.0
cases!,6,38701283.166666664
really,3,1616609.6666666667
save,7,23843458.0
world?,7,345163.71428571426
ft.,6,2087839.0
bill,1,1299884.0
gates,1,1299884.0
chargers!,1,10481040.0
open,1,3188457.0
foldable,6,3068205.5
google,31,1938953.9677419355
pixel,31,1725039.8064516129
problems!,1,3613511.0
accessory,3,7480745.666666667
wild!,1,22412464.0
old,3,1421657.0
ios,8,2192004.625
useful,1,12801151.0
perfect,3,1785257.3333333333
desk,7,992743.0
setup!,3,4617140.666666667
9,33,1954570.9393939395
coolest,8,5453473.625
keys,1,16260976.0
plus,38,1950201.2894736843
suspiciously,1,3891816.0
good!,1,3891816.0
folding,2,12473964.5
so,9,2123494.777777778
affordable?,1,2394684.0
test!,24,2644815.3333333335
s23,3,7722695.666666667
think.,5,4647189.8
facetime,1,6061021.0
got,8,2947404.125
lot,1,6061021.0
better!,2,3200783.5
43,1,2412590.0
facts,4,4133880.25
$150,5,3597814.6
water,3,6540410.0
pistol,1,17527161.0
on!,1,5842083.0
headphones,20,325056.55
insane,7,3593360.714285714
wtf,1,23481303.0
built,1,6949404.0
sister's,1,6949404.0
den,1,6949404.0
only,3,2394065.6666666665
temu,1,6949404.0
"finally,",1,3396633.0
gets,1,3396633.0
it!,1,3396633.0
tried,1,3699223.0
switching,3,3761024.6666666665
from,29,1813319.0344827587
home,6,750244.1666666666
projector,5,1264863.8
awesome,7,661973.4285714285
$300,3,17129120.0
bubble,1,43285671.0
machine,1,43285671.0
have,6,1536345.5
changed,2,3412476.0
life!,4,4477465.5
didn't,16,4836153.375
youtube!,5,1731870.2
worst,6,2923820.3333333335
purchases,1,5763334.0
secret,12,2869193.3333333335
tricks!,2,1599712.5
7,44,3415347.522727273
pop,1,15421474.0
sockets!,1,15421474.0
extreme,11,5022493.909090909
toys,2,33520039.0
longest,1,11240665.0
charging,12,2659103.0
cable!,1,11240665.0
mac,1,7393136.0
windows,4,1903822.25
who,4,18324844.0
wins,1,7393136.0
2024?,1,7393136.0
ways,4,5743409.5
msg,1,8597573.0
sphere,1,8597573.0
breaks,1,8597573.0
reality!,2,4377519.0
apps,59,425915.22033898305
2023!,2,4156139.5
60,2,2404739.5
|,48,919944.8333333334
mrwhosetheboss,23,727192.4347826086
real,16,7647486.1875
life,28,3274233.714285714
invisibility,1,10623180.0
shield!,1,10623180.0
redmagic,1,7341555.0
8s,1,7341555.0
weirdest,2,11278355.0
whatsapp,3,5554844.333333333
commands,1,7491335.0
tricks,12,2017101.8333333333
minutes.,1,5075831.0
"$1,000",1,57420760.0
remote,6,14096058.5
control,4,21109903.75
car,1,57420760.0
devious,1,52203336.0
prank,1,52203336.0
gadgets!,8,22464733.625
biggest,5,9329131.8
upgrade,2,1553373.0
wackiest,1,20179517.0
ü•¥,1,20179517.0
will,18,10353767.833333334
arrested!,1,37215673.0
cable,1,9595507.0
vomit!,1,9595507.0
trust,2,3686132.0
reviews!,1,3363092.0
traded,1,12978452.0
wish,1,12978452.0
parachute,1,14217488.0
smartphone!?,2,7146592.5
(2),2,3425853.5
iphone!?,1,3500906.0
top,59,1071932.9152542374
features!,4,2978556.5
impressions,34,474154.17647058825
ft,2,3954750.5
ceo!,1,3350801.0
threads,1,2555488.0
bigger,1,2555488.0
deal,2,1433244.0
can't,2,2692199.5
believe,9,7954363.222222222
pc's,1,5315641.0
internet.,6,14538958.833333334
harry,2,27451708.0
potter,2,27451708.0
spells,1,13661634.0
work,1,13661634.0
phone!,8,7711673.0
nobody,2,4347148.5
buys,1,3195262.0
small,1,3195262.0
insta360,3,1931837.6666666667
go,3,1479794.3333333333
greatest,3,3285492.6666666665
gadget,7,11629479.857142856
time?,2,1240771.5
strangest,4,14032729.0
gaming,47,983186.2978723404
controllers!,1,9059562.0
üò≥,2,9633150.5
xbox,9,2261732.3333333335
consoles,1,7805013.0
real!?,1,7805013.0
watches,1,12478609.0
store's,1,3969052.0
"$1,000,000,000",1,3969052.0
$100,9,1238083.2222222222
screen,8,3954354.875
protector,4,6150927.25
cursed,1,13040497.0
macbook!,1,5410763.0
$1500,2,3784549.0
case!,4,22974907.75
customer,2,7126118.5
service,1,7837577.0
it,19,1053372.0526315789
worth,10,1140242.7
$3500?,1,11086383.0
custom,7,2643882.8571428573
switch,3,7758554.0
53,1,18359684.0
seconds!,1,18359684.0
downfall,1,4686668.0
mobile,8,1545262.125
tiktok,3,10903853.666666666
fast,5,5519183.4
google's,1,17317862.0
wifi?,1,17317862.0
creepiest,1,74966745.0
$70,2,15190313.5
"$1,200",1,30373371.0
samsung!,2,16031792.5
future,9,769841.2222222222
google‚Äôs,1,5479871.0
ceo,1,5479871.0
rog,4,3866617.25
ally,1,4478025.0
oled!,1,4478025.0
weird.,1,3222431.0
stupidest,2,8824863.5
useless,1,33623993.0
airpod,1,33623993.0
should,29,1799228.8620689656
exist!,1,29127863.0
android,176,1037979.6988636364
iphone!,2,8723981.5
pranks!,1,29054582.0
üë∫,1,29054582.0
we've,2,13533053.5
nearly,2,15340717.0
done,2,13203420.0
it.,5,9728979.6
macbook,4,2426991.75
vacuum,1,4597807.0
cleaner!,1,4597807.0
intelligent,2,1958789.0
camera!,2,1766159.5
fastest,13,4332800.153846154
smallest,3,13761194.666666666
smartphone!,24,1115780.4166666667
selling,1,7505099.0
39,1,5469708.0
tell,2,2867467.0
you.,4,3598610.0
turn,7,4637864.714285715
any,8,1066531.625
object,1,6288062.0
into,7,4637864.714285715
speaker!,1,6288062.0
super,10,1486989.2
mario,4,3483403.25
laptop!,1,10964908.0
ai:,1,2642306.0
explained,3,2193272.3333333335
flow,1,1747715.0
ai-controlled,1,1747715.0
gimbal.,1,1747715.0
$500,2,37829321.0
sound,10,2947142.1
like?,1,28734249.0
smartphone's,1,11835801.0
lasts,2,13812880.5
94,1,11835801.0
days!,1,11835801.0
makes,1,3012444.0
events,1,3012444.0
special.,1,3012444.0
$30,2,3473044.0
watch!,1,6937168.0
smart-home,1,6846909.0
gadgets...that,1,6846909.0
smart.,1,6846909.0
"""faking""",1,5118012.0
their,2,4967880.5
photos.,1,5118012.0
extraordinary,1,46393700.0
affordable,1,2133802.0
repair,1,52394015.0
hack!,1,52394015.0
surprise,3,2842971.0
proposal,1,7558264.0
batman,2,9897381.0
"$43,000",1,5211973.0
camera-phone!,1,5211973.0
iphones,1,5909683.0
now.,3,2570778.0
world‚Äôs,2,5471038.0
first,40,585825.95
fireproof,1,10447732.0
üî•,6,5482178.666666667
dangerous,4,30717387.75
‚ò†Ô∏è,2,57273438.0
truth,8,1523693.125
brain,1,3435065.0
chips.,1,3435065.0
boxes,1,12957457.0
strong,1,12957457.0
enough!?,1,12957457.0
computer,1,19187248.0
mice,1,19187248.0
üò±,4,8577478.25
easter,1,8637043.0
eggs!,1,8637043.0
brightest,1,105694266.0
torch,1,105694266.0
inventions,10,5735967.2
change,13,3122683.923076923
world.,10,12376019.5
made,2,13103531.5
$0.,1,22850866.0
changing,1,34481841.0
secretly,3,5939048.333333333
killed,2,8749320.5
people!,1,3948297.0
"5,000",1,5709721.0
use.,1,5709721.0
airpods,2,40562999.5
$200,3,6777046.666666667
airpods!,1,20001946.0
usb,4,9024093.0
sticks,1,29753981.0
won‚Äôt,1,29753981.0
real!,1,29753981.0
mum,1,8073253.0
her,1,8073253.0
car.,1,8073253.0
tiktok.,1,4042369.0
ü§´,1,4042369.0
next-level,2,17117724.0
cars!,1,26879210.0
billion,1,76907192.0
lives,1,76907192.0
ü§≠,1,76907192.0
19,4,8342595.0
thickest,1,24851188.0
x3,5,2138973.8
planet!?,1,1877834.0
star,2,4309491.0
wars,3,2856426.3333333335
exist,2,19240360.0
‚ú®,2,24881858.0
elon,1,2487685.0
musk,1,2487685.0
twitter.,1,2487685.0
undercover,1,61124053.0
üòé,1,61124053.0
knew,2,7403468.0
existed,1,10206739.0
tiniest,1,10409012.0
youtube.,1,7965164.0
embarrassing,1,55896840.0
üôà,1,55896840.0
marvel,1,29958786.0
ü§©,1,29958786.0
game-changing,1,10390631.0
hacks!,3,4059691.0
hacks.,1,8489183.0
genius,2,37966893.0
movies!,1,13205168.0
charges,1,5592435.0
minutes,3,1952974.3333333333
why?,1,5592435.0
think,2,7412221.5
bereal,1,4092271.0
instagram,3,6435441.333333333
killer?,3,1370694.0
time.,1,10144077.0
illegal,1,74839076.0
arrested,1,74839076.0
5g,2,3058503.5
sucks,1,3914603.0
‚ö†Ô∏è,4,6832731.5
satisfying,1,19408838.0
largest,2,23608391.5
diy,3,16292461.333333334
hologram!,1,47150221.0
phone.,7,8652462.714285715
saved,1,38834296.0
lives!,1,38834296.0
&,9,2543612.111111111
ridiculous.,3,4714137.333333333
console,5,2246806.8
myths,1,25805893.0
busted!,1,25805893.0
games,59,272469.16949152545
designed,2,3572208.5
siri,1,8893222.0
book,4,2233435.25
haircut!?,1,8893222.0
blowing,1,7407896.0
up,7,1458351.0
here‚Äôs,2,4751820.0
ultimate,47,1186265.9361702127
voice,2,10148439.5
assistant,3,6913696.333333333
battle.,2,10148439.5
bend,1,18092836.0
mini,7,3053244.5714285714
se,5,7388852.2
s22,5,7557230.4
life!?,1,59322615.0
"good,",2,4040044.0
bad,4,2117425.0
and,84,531880.6547619047
ugly.,2,4040044.0
event,1,5695313.0
product,2,5256531.0
revealed,1,5695313.0
yet?,2,3356217.5
sneakiest,1,38091414.0
üòà,2,20167230.0
transformed,1,8480527.0
body,1,8480527.0
days.,1,8480527.0
unboxing,93,2083695.1397849463
tesla,2,8804543.0
electro,1,16894643.0
mods,5,5490426.0
ü§Ø,2,16526498.0
features,4,2728232.25
üëÄ,1,10162930.0
switched.,1,4712547.0
mrbeast,1,28768637.0
mega-studio,1,28768637.0
tour!,2,14485383.5
(1),1,7912028.0
fitness,1,4683128.0
ryan,1,4683128.0
trahan,1,4683128.0
12s,1,5530314.0
game-changing.,1,5530314.0
18,2,7376017.5
deadly,1,11161187.0
be,20,1864435.35
banned.,1,11161187.0
won't,2,7992784.0
real.,2,7992784.0
which,4,2071289.0
better?,1,8016217.0
(ft,1,8016217.0
mkbhd),1,8016217.0
16,2,4916240.0
2022!,1,4963984.0
health,1,3897243.0
suffer,1,3897243.0
hacked,2,4758546.0
by,7,2010121.0
cable.,1,8821916.0
vivo,10,2910767.6
x80,1,2655472.0
king,2,1924514.0
photography.,1,2655472.0
sony,5,777482.8
finally,3,3373363.0
robot...and,1,3356197.0
test,64,2027751.609375
planet.,3,10130472.333333334
35,2,7335535.5
hidden,5,3639586.4
tricks.,1,8046158.0
2022,4,3975763.75
2020,6,5492129.333333333
flagship?,4,3311787.75
hacks,7,1569946.857142857
scam!?,1,9727886.0
give,1,6202771.0
superpowers.,1,6202771.0
scandal:,1,3755533.0
even,1,3068995.0
crazier,1,3068995.0
wildest,1,7095198.0
million!,1,5541580.0
poco,2,5763693.5
$250,2,3197438.0
destroyer?,1,6268891.0
bulletproof,1,7184562.0
iphone.,2,6999966.0
s21,7,6511065.285714285
drain,21,2990893.5714285714
amazing.,1,8878718.0
becoming,1,8286123.0
nfts,1,5018967.0
pretty,2,2528081.0
dumb.,1,5018967.0
escobar,2,8892310.5
launched,2,8892310.5
it‚Äôs,1,4817749.0
21,2,14964425.0
realme,3,2243086.3333333335
gt,2,2469396.5
2,63,611829.3015873015
record-breaking,1,4528333.0
flagship‚ö°Ô∏è,1,4528333.0
toxic,1,16976232.0
last,3,5793709.333333333
forever.,2,10076557.0
50,3,9382370.333333334
oppo,9,1873266.0
find,5,2452134.6
n,1,6499711.0
kill,3,5839358.666666667
samsung!?,2,10025027.5
next-gen,6,600863.3333333334
robot,3,662420.3333333334
life.,5,3870484.8
ü§ñ,1,1980687.0
2021,1,4070657.0
future.,2,9236224.5
space.,1,9964225.0
metaverse,1,4769619.0
could,8,983825.375
problem.,3,2669622.3333333335
money,3,2314500.0
buy.,2,3422263.0
samsung's,2,9807468.0
doing,1,6250674.0
back....but,1,4385399.0
there's,1,4385399.0
problem,4,3327623.0
üíÄ,2,9181604.0
test.,7,3153268.714285714
i'm,6,2659159.0
worried,1,5978982.0
humanity's,1,5978982.0
25,2,7657990.0
out,5,2312964.6
üåè,1,10322192.0
x70,1,4112724.0
much,2,2659580.5
üòÇ,3,6949496.0
final,8,600071.5
verdict.,1,4163820.0
11,23,4840741.130434782
good!?,2,3818135.5
was,2,6570007.0
thinking?,2,6802474.5
tesla.,1,6395849.0
companies,2,4230234.5
manipulate,1,7028529.0
mkbhd,5,2961796.2
üåç,1,16261895.0
losing,1,3827378.0
xiaomi.,4,3447227.5
thinking!?,1,5066640.0
24,1,13126151.0
hottest,1,13126151.0
calyx,1,5301219.0
os,4,3080797.25
next,14,581193.9285714285
big,8,1290130.25
competitor!?,1,5301219.0
ear,1,4286325.0
hype.,1,4286325.0
do,6,1689502.6666666667
buy,18,2783096.277777778
freedom,3,2431050.6666666665
phone!!,1,7245807.0
ü§¨,1,7245807.0
22,1,19336675.0
nightmare,1,19336675.0
want,9,5813485.333333333
us,5,4784564.0
forget.,7,12183888.57142857
apple.,2,7331931.0
many,1,6603463.0
recording,1,6603463.0
right,5,2250075.2
now?,1,6603463.0
service?,1,6414660.0
scam.,2,4484337.0
nord,2,3311267.0
ce,1,2571842.0
unboxing!,44,705473.5454545454
cryptocurrency,1,9173042.0
works.,1,9173042.0
2021!,1,9306324.0
(mid,3,5900803.0
year),1,9306324.0
zenfone,4,3209156.25
boring,2,3963422.0
story,1,15094148.0
kills,2,19814286.0
were,4,6907870.25
possible.,1,7356238.0
"$200,000",1,13977809.0
that'll,2,7092468.0
shock,1,11008054.0
you!,2,5531414.0
mi,19,2667878.4736842103
x60,1,3923740.0
comparison.,7,4498591.571428572
if,4,3870627.75
commercials,3,5504121.666666667
extremely,2,3364654.0
honest.,2,7371834.0
wait,1,3486050.0
funny.,1,5345564.0
fascinating,1,2243046.0
insta,1,2243046.0
360,3,788051.3333333334
mrwhosetheboss?,1,4009172.0
lg,11,614691.9090909091
smartphones?,3,2666718.3333333335
horrific,1,21891641.0
reason,2,6146678.0
don‚Äôt,2,11898766.5
charger,4,2770066.25
anymore.,1,10830661.0
exynos,5,1321559.8
snapdragon.,2,3268477.5
smartphone.,12,3571041.3333333335
"""air",1,4683889.0
"charging""",1,4683889.0
review.,5,3570472.2
beware,1,4122146.0
reviewers!,1,4122146.0
watching,1,9814695.0
happened,1,5080867.0
beats,11,476486.45454545453
dre?,1,5080867.0
switched,2,4595345.5
found,3,3465709.3333333335
out.,2,4595345.5
collection?,1,5938790.0
ruin,1,12812024.0
day,4,5608855.0
linux,1,7643705.0
android?,1,7643705.0
"$122,000",1,11224707.0
"""smartphones",1,3962486.0
"now.""",1,3962486.0
be.,1,3063588.0
self-healing,2,4229154.5
smartphones!,3,3034071.3333333335
üèÜ,1,5312890.0
note,82,1280878.719512195
mate,27,1535176.888888889
40,2,4277274.0
review!,73,307287.61643835617
blew,1,4885464.0
away.,2,3578893.5
xr,4,3758488.25
what.,1,4377044.0
mkbhd!,1,4558700.0
8t,1,4003946.0
truth.,5,3399538.8
chargers.,1,4067970.0
take,3,1474117.0
over?,1,3998557.0
6g,1,8621646.0
explained!,2,4379548.0
transparent,3,4711558.0
fail.,2,7161729.0
mega,2,6632182.5
we‚Äôll,2,13400705.5
replacing,1,3846527.0
android.,2,3143464.5
shady,1,5258496.0
wow.,1,2622580.0
at,5,1179291.6
war.,2,2938118.5
s20,8,4066612.125
4a,1,5642484.0
reno4,1,1389323.0
upgrade??,1,1389323.0
2020.,2,4873282.0
x50,1,3609700.0
rotating,3,5180658.0
camera.,4,3303795.75
master,1,4458585.0
plan.,1,4458585.0
$7,1,7326848.0
"$7,000",1,7326848.0
2018,13,963629.6923076923
forgotten,1,6949077.0
stick.,1,6334710.0
wallpaper,1,24534424.0
quit,1,3071730.0
job,1,3071730.0
play,6,1030506.5
smartphones.,1,3071730.0
messed,1,5465557.0
up.,1,5465557.0
huawei's,4,2230273.25
operating,1,2942009.0
system,1,2942009.0
future?,1,2942009.0
overpriced?,1,1522026.0
mystery,18,2006390.888888889
unboxing.,4,3045058.25
year).,2,4198042.5
comparison!,11,2004592.1818181819
existed.,2,8105348.5
ultra!,1,4377958.0
p40,4,2620978.0
pro+,1,2082468.0
weeks,1,1781956.0
later.,2,1027069.0
ever?,14,480817.71428571426
2020?,1,2315810.0
painful,1,13548348.0
x2,2,1953939.5
spec,1,2113485.0
monster.,1,2113485.0
reno3,1,1735683.0
108,2,3616966.0
megapixel,3,2747135.3333333335
masses?,1,1735683.0
30,6,3079028.8333333335
mix,8,1311591.0
alpha,4,1747754.25
xs,20,1817531.05
smartphone?,9,823165.2222222222
makers.,1,2590254.0
$399,1,3307758.0
confusing,2,2608661.0
everything.,4,3281719.25
"$100,000",1,5725976.0
technology,4,905095.25
might,10,2813148.0
us.,1,3374660.0
evolving.,1,2114898.0
google.,2,2758283.5
s10,21,2103971.1428571427
lite,4,1511216.0
‚Äì,1,2817932.0
concept,3,1083102.6666666667
one,29,100090.5172413793
disappearing,1,1490361.0
cameras!,1,1490361.0
light?,1,1024061.0
superphone,2,2693827.0
happened.,3,2754092.0
mid-range,2,1274902.0
flagships.,1,2535358.0
qualcomm,1,2591442.0
snapdragon,4,1103342.25
865,1,2591442.0
samsung.,2,4288702.0
excited!,1,1814694.0
see,5,1298485.4
coming.,1,4762022.0
mrwhosetheboss.,2,1198530.5
2019.,5,2219167.2
nokia,5,1310104.6
been,4,1576905.75
working,1,3512469.0
on.,1,3512469.0
madness.,1,5498249.0
surprised,2,1098277.0
me.,3,1376642.3333333333
questions,1,4993788.0
complicated,1,2517930.0
7t,3,1922564.6666666667
plus!,3,1447386.3333333333
companies.,1,4153059.0
10+,2,2763143.0
good,5,886879.2
hurts.,1,3462600.0
nex,4,3379960.75
features.,1,6624913.0
huawei.,1,3420413.0
using,4,693339.0
very,4,349108.5
special,3,759563.0
gadget.,1,1092342.0
limitless,1,9084057.0
p30,16,2038382.4375
innovative,1,959196.0
epic,3,2713378.0
we'll,1,6210602.0
comparison,16,1175732.3125
weaker?,1,5071125.0
too,2,1090905.5
thin.,1,2095744.0
know!,4,474237.25
¬£99,1,2531599.0
changing...,1,1678632.0
kaios,1,2440402.0
catching,1,2440402.0
asus,5,2775471.8
earth.,1,3843526.0
people,4,758836.75
react,1,1071536.0
red,4,1331758.25
magic,5,982125.8
fuchsia,2,1555303.5
world...but...,1,1380396.0
sued.,1,1462695.0
edge,5,1162459.2
may,3,962121.3333333334
exist.,2,3013525.5
"""samsung",1,714443.0
"leaked""",1,714443.0
destroyed,2,696013.5
os.,1,1383390.0
liquid,1,5567199.0
glass,1,5567199.0
protector.,1,5567199.0
ban,1,482192.0
fight,1,3911363.0
ban?,1,3911363.0
2019,8,1033616.5
(under,1,1545559.0
$500),1,1545559.0
s11,1,883798.0
plus...,1,883798.0
redmi,13,620465.6923076923
k20,2,2209910.5
excited.,3,840841.0
launcher,7,1039338.4285714285
2019?,1,1358841.0
causing,1,343916.0
overheating?,1,343916.0
shocked,1,1933373.0
3a,3,1131144.0
xl,25,259269.16
8k,1,827752.0
here.,1,827752.0
s10+,3,2217540.0
overheating,1,2401832.0
honor,5,714079.0
quad,8,242655.375
beast.,2,438334.5
speed,12,580093.5
flagship,7,784859.7142857143
that's,1,3511719.0
$330...,1,3511719.0
details,2,564214.5
early!,2,1441833.5
night,3,706323.3333333334
mode,3,417254.6666666667
budget,37,216793.94594594595
camera!?,1,371842.0
lenovo,7,744029.2857142857
z6,1,1007474.0
pro...the,1,1007474.0
radiation,1,457329.0
increasing...,1,457329.0
released,1,791535.0
killer,2,985235.5
smartphone...,1,791535.0
oneplus.,1,3905034.0
a80,1,4783333.0
hands-on,2,2394845.5
spotify,1,2126811.0
officially,1,2126811.0
dark.,1,814843.0
customise,7,631066.0
wireless,13,134756.38461538462
charger.,1,1473184.0
"""free",1,2714161.0
"use""",1,2714161.0
faster.,1,662787.0
pureview,2,1345565.0
five,1,1268749.0
do.,2,822765.5
draw,4,470773.25
v2,3,335631.6666666667
knows,1,1206437.0
me...,1,1206437.0
behemoth,1,341227.0
$230?,1,341227.0
love,3,641222.3333333334
hate.,1,1030019.0
days,1,15789960.0
without,3,5360529.0
charging.,1,15789960.0
s10's,1,323130.0
3d,5,5221537.8
sonic,1,323130.0
sensor,1,323130.0
changing.,1,323130.0
6t,6,930510.8333333334
$900,1,213430.0
flagships?,1,213430.0
edition.,3,944087.0
secure,1,2353656.0
unlock,1,2353656.0
pattern,1,2353656.0
is.,2,1227962.0
brilliant,2,523200.5
downloaded,1,3363666.0
app,3,1385207.0
mars,2,246860.5
2011,1,2158096.0
fail...then,1,287401.0
succeed,1,287401.0
pro...,1,173116.0
article,1,158642.0
view20,1,311000.0
x,24,1071638.125
different...,1,152790.0
amazing,18,788701.6666666666
"secrets,",4,2246790.0
tips,6,1547752.0
dxomark,1,207193.0
scores,2,105841.5
wrong,3,188716.33333333334
strategy,1,590269.0
store,1,2953107.0
put,2,1521474.0
malware,1,2953107.0
"500,000",1,2953107.0
xiaomi?,1,2305246.0
(most),1,570798.0
clone,2,1268515.5
ces,1,236191.0
z5,3,802144.0
insane‚Ä¶but‚Ä¶,1,410460.0
2018?,3,1354967.0
we,2,970289.0
far!,1,1730211.0
mclaren,1,323765.0
hate,1,564876.0
relationship,1,564876.0
pro.,1,564876.0
855,1,494344.0
seen.,1,3538770.0
channel,8,118023.75
end,3,669183.0
arrived.,1,356082.0
upcoming,13,169006.92307692306
looks‚Ä¶interesting...,1,495973.0
7.1,1,227582.0
here!,4,300462.0
comeback?,1,227582.0
solution,1,218105.0
eye,3,112651.66666666667
strain?,1,218105.0
2018.,1,487545.0
nomu,1,2282617.0
s50,1,2282617.0
tough,1,2282617.0
stuff!,2,1142124.5
sight,1,873564.0
exposed,1,702748.0
teardown!,1,702748.0
existed...,1,2643910.0
secrets,4,323573.0
inside,1,1056961.0
hq.,1,1056961.0
black,2,482523.5
shark,1,849350.0
helo,1,849350.0
switching.,1,359721.0
anki,1,211274.0
vector,1,211274.0
pet,1,211274.0
robot.,1,211274.0
a9,1,967236.0
beast!,3,490472.6666666667
gorgeous,1,452290.0
haven't,3,570140.0
played.,2,584251.0
excited,2,535231.0
8x,1,539221.0
cases.,1,2530619.0
drop,2,1252939.0
casetify,1,478515.0
protect,2,264337.0
it?,6,109530.0
face,1,402815.0
id,1,402815.0
scan.,1,402815.0
2018!,3,414102.6666666667
v11,2,643098.5
pocophone,3,728207.6666666666
f1,3,728207.6666666666
leaked,1,250605.0
lying,1,250605.0
us?,1,250605.0
gpu,1,215954.0
turbo,1,215954.0
powerful,5,368502.0
earth,1,243913.0
turing,2,885833.0
hubblephone?,1,243913.0
a2,3,919237.0
phones.,1,768481.0
s9+,6,1872338.0
stop.,1,1768697.0
q&a,3,235846.33333333334
6.0,1,183453.0
unbox,1,183453.0
therapy,1,183453.0
boxing,1,183453.0
match?,1,183453.0
2016,27,113388.96296296296
far.,1,329743.0
(clone),2,1769837.5
leaks,2,228890.0
them.,1,131555.0
p20,9,1186437.0
faster,1,152454.0
x?,1,152454.0
skip,1,876792.0
9.,1,876792.0
but,1,1746146.0
gadgets.,1,1746146.0
waste,1,311579.0
vr.,1,137227.0
you've,13,376975.8461538461
waiting,1,345816.0
for?,1,345816.0
+,15,319773.6666666667
surprise!,1,741671.0
huaweiiiii,1,285599.0
unusual,2,1403182.5
amaze,1,1127800.0
fingerprint,1,136703.0
scanner,2,87539.0
3...,1,565727.0
went,1,121578.0
groceries,1,121578.0
greatness.,1,121578.0
full,71,86974.35211267606
s9,10,1248685.4
exciting,1,2524724.0
things!,1,2524724.0
dark!,1,719639.0
us!?,1,649936.0
blow,4,965262.5
destroying,1,292628.0
eyes?,1,292628.0
try,4,501160.25
now!,4,1265661.75
beastly,1,244245.0
setup.,1,244245.0
package,5,911981.0
massive,4,102461.75
s5,7,84418.14285714286
our,2,146021.0
bezel-less,2,707441.0
5.0,3,88474.33333333333
launchers,4,888186.25
tried.,1,715433.0
info!,1,1113670.0
2s,1,397256.0
beauty,2,200760.0
customize,2,599217.0
s8,11,626369.8181818182
pubg,1,265545.0
disastrous,1,265545.0
or,4,545829.0
revolutionary?,1,265545.0
cloud,1,118188.0
feature,1,118188.0
about!,1,118188.0
batteries,1,220953.0
change!,1,220953.0
beautiful,3,270943.0
g7,1,477075.0
again.,1,328772.0
doogee,5,631355.4
(prototype)!,1,1654031.0
everything,4,944034.75
"$50,000",2,854937.5
$400?,1,402311.0
be!?,1,125985.0
unboxing!!,2,624401.5
"mkbhd,",2,797705.0
"uravgconsumer,",1,430889.0
ijustine,2,797705.0
more,2,797705.0
s9/,1,3402634.0
google?,1,155916.0
htc,18,54063.166666666664
made?,1,239591.0
(vs,1,261343.0
5t),1,261343.0
(2018),1,1164521.0
technical,1,1164521.0
"guruji,",1,1164521.0
2013,1,1623001.0
surprising,1,211725.0
know.,1,211725.0
subscribers,3,1768157.6666666667
elephone,4,560504.0
u,1,667988.0
dual,7,324159.71428571426
you're,2,242012.0
wrong.,1,475721.0
huge,4,538435.25
p,1,1178936.0
smart,6,299392.8333333333
s!!,1,459533.0
maximise,1,256751.0
life?,1,256751.0
sii,1,542377.0
5t,9,635367.5555555555
faraday,1,76372.0
ff,1,76372.0
91,1,76372.0
1050,1,76372.0
horsepower,1,76372.0
madness!,1,76372.0
ulefone,2,293853.5
power,7,151767.14285714287
weeks!,1,385973.0
sent,1,152083.0
this!,2,140811.0
#ad,1,152083.0
succeeded,1,282940.0
failed.,1,282940.0
revolution,2,212200.5
here?,1,417145.0
sandstone,1,305964.0
white,1,305964.0
5t?,1,305964.0
send,1,99213.0
file,1,99213.0
anywhere!,1,99213.0
2012,2,407787.0
ai-powered,1,394005.0
emui,1,394005.0
8.0?,1,394005.0
under,20,175519.5
$2000,1,102467.0
december,6,97088.33333333333
2017,27,288583.5925925926
january,6,111179.16666666667
year.,1,1097220.0
amazon!,1,812468.0
1!,1,172640.0
ee!,1,107767.0
expected!,1,1431940.0
google!,1,1330766.0
cool,5,416506.6
december!,1,342935.0
maze,2,717252.0
"$25,000",1,202092.0
setup,13,466731.6153846154
evolution!,1,202092.0
fixing,1,58308.0
wi-fi,2,120143.0
zyxel,1,58308.0
multy,1,58308.0
x!,1,58308.0
considered.,1,543811.0
apply,2,2932623.5
2018!!,1,230894.0
banks,2,187284.0
(2017-2018),1,187284.0
2017!,13,293231.6153846154
years,1,272182.0
unbelievable,1,297977.0
helicopter,1,2027363.0
1200ft,1,2027363.0
test!!,1,2027363.0
mous,1,2027363.0
try!,3,452626.3333333333
(2017,1,508149.0
2018),1,508149.0
refurbished!?,1,1661457.0
car?!,1,468617.0
(q&a),1,468617.0
8!,2,398489.5
what's,6,89306.0
changed?,1,118812.0
mind.,1,1313515.0
surprisingly,1,814695.0
must,11,360775.45454545453
settings,2,999727.0
colossal,1,675228.0
"$20,000",1,675228.0
pc,21,106394.0
[2017,1,675228.0
2018],1,675228.0
insanely,2,767387.5
$20.,1,1516475.0
$1200,1,1645802.0
$80,3,780840.6666666666
fake!,1,1645802.0
plus-,3,1076768.6666666667
leaked!,2,1224669.0
logitech!,1,370869.0
umidigi,2,390366.0
s2,3,237588.0
$199??,1,601654.0
october,6,158136.66666666666
holographic,4,699848.0
wallpapers,2,1156782.0
android!,8,644980.75
making,3,412930.3333333333
invincible,1,1061292.0
(and,1,1061292.0
modular),1,1061292.0
oneplus!!!,1,612525.0
leaked.,1,447166.0
websites,1,136775.0
leaked???,1,119342.0
need?,2,281728.0
kano,1,105180.0
kit,2,73860.0
tiny,1,105180.0
computer!,1,105180.0
unique,2,157637.5
reasons,1,188702.0
one!,1,188702.0
forget,1,1497377.0
confirmed.,1,1497377.0
s8+,2,797333.0
essential,1,221066.0
september,15,181847.06666666668
leaked?,1,729092.0
4k,48,644144.5625
cinematic,2,217097.0
"""water",1,2385926.0
"resistance""",1,2385926.0
difference?,1,265226.0
heard,11,302395.1818181818
(2017),2,363148.5
#6,1,514949.0
uhd,1,358842.0
nano,3,158889.66666666666
cell,1,358842.0
tv,4,125209.5
rumours!,1,326225.0
2017?,4,745097.0
cadenza,1,1527753.0
story!,1,1527753.0
mesh,1,181978.0
lyra!,1,181978.0
5a,1,426839.0
generation?,1,426839.0
2017.,1,1430692.0
edition!,2,77614.5
crystal,2,97404.0
frameless,1,179078.0
using!,3,3096020.3333333335
t1,2,114786.0
furious,1,201734.0
suck?,2,246603.5
r11,1,202404.0
waterproof!?,1,1831505.0
infinity,1,325759.0
display!?,1,325759.0
generation,2,188962.0
wi-fi?,1,204781.0
bluboo,4,77640.5
s1,4,63321.5
glows!,1,212598.0
absolutely,1,149726.0
genius!,1,149726.0
5x,2,287159.0
oomi,1,58107.0
2.0,11,165190.45454545456
complete,1,58107.0
box?,1,58107.0
do!,1,867438.0
facebook,1,177090.0
august,4,156436.25
meizu,1,1371337.0
essentials,1,75962.0
$100!,1,75962.0
editing,1,73312.0
pc.,1,73312.0
bl5000,1,366705.0
revolutionary,2,188013.0
chrome,1,118955.0
extensions!,1,118955.0
funny,1,352136.0
amazon.,1,546538.0
need.,1,318295.0
amazing!,3,450286.0
free,13,124095.69230769231
everyone.,1,218722.0
renders!,1,119273.0
addictive,1,448812.0
$19,1,913319.0
storage,1,211331.0
space,1,211331.0
released.,1,82171.0
dslr,1,382840.0
quality,2,205134.5
beast,1,483434.0
safe!,1,199301.0
july,7,177616.85714285713
(clone)!,1,253921.0
tried!,1,1055008.0
essential!,1,483124.0
8.,1,48214.0
gemini,1,203122.0
of.,1,203122.0
monster,13,108431.07692307692
"$17,000",1,2457905.0
habits,1,838299.0
june,5,73142.8
$20,3,38309.0
10.5,1,129074.0
tablet,24,34007.083333333336
use,3,511957.6666666667
customisation,1,535070.0
secrets!,1,535070.0
competitor?,1,249285.0
stunt,1,36552.0
mi6,1,295706.0
luxury,1,74264.0
(2017)?,1,131429.0
widget,1,168447.0
interesting,1,141327.0
games!,2,403777.5
giveaway,20,14101.55
ps,71,102424.39436619719
vita,69,122375.40579710146
properly.,1,437953.0
april,3,88893.66666666667
$800,1,670347.0
s8!,2,408006.5
download,1,115599.0
paradise,1,274866.0
tour,9,294243.55555555556
tv?,1,58175.0
"75""",1,58175.0
curved,1,58175.0
qled,1,58175.0
hdr,1,58175.0
hdtv,1,58175.0
overview!,1,58175.0
$75,2,329213.5
march,4,64373.25
cables,1,221079.0
p10,2,89007.5
early,1,128250.0
(#5),1,113116.0
website,1,45535.0
(2017)!,1,45535.0
february,7,118492.0
(#4),1,85639.0
2017!?,1,196644.0
p.o.,1,99013.0
box!!,1,99013.0
(#3),1,102072.0
umi,6,109831.33333333333
touching,1,128497.0
app!!!,1,128497.0
#5,1,211348.0
mind-blowing,1,386222.0
"$30,000",1,386222.0
room,3,258806.66666666666
get!,2,477790.0
e,1,294544.0
6gb,2,408578.0
ram,3,540709.0
"$15,000",1,712593.0
news...,1,47102.0
buy!?,1,68758.0
hacked!,1,1647979.0
2016!!,1,46518.0
ever!!,1,226697.0
(#2),1,154660.0
have!,4,348775.75
smartphones???,1,189206.0
(#1),1,162326.0
2016!,26,242131.26923076922
s7,7,321451.85714285716
$200???,1,328827.0
giving,1,138922.0
away,1,138922.0
everything!,1,138922.0
(2016),13,172520.6923076923
#4,1,184897.0
youtube,10,577890.0
gear,2,102914.5
november,5,109580.4
sports,3,293221.0
faster!,1,391213.0
double,1,925785.0
free!,3,321333.0
live,1,0.0
stream,1,0.0
(2016)!,4,158417.75
girlfriend??,1,302760.0
3.0!,1,302760.0
intros!,1,54131.0
building,1,210282.0
office,1,210282.0
vernee,2,115424.5
bezel-free,1,154338.0
monster!,3,86954.33333333333
professional,2,138129.0
videos,4,59836.5
$95,1,148937.0
icon,1,158588.0
pack,2,83386.5
tech?,1,300786.0
update,5,56836.4
shooting/,1,1214491.0
fps,1,1214491.0
bank,2,141459.0
2016?,7,337913.14285714284
20+,1,78102.0
see!,6,149953.83333333334
k5,1,191395.0
#3,2,111965.5
maya,1,56658.0
$25,2,64784.5
me!,1,507748.0
3s,1,79704.0
weird,1,27420.0
$100:,1,149536.0
graphics,6,157255.83333333334
gaming/desk,1,73120.0
#2,3,120904.66666666667
youtubers,1,18216.0
2016-2017,2,284681.0
lava,1,17990.0
brightsounds,1,17990.0
bluetooth,20,33598.0
$65,1,727621.0
apollo,1,76511.0
core,6,30855.333333333332
headset,1,18086.0
reviewing,5,12917.2
competition,5,12917.2
3.0,4,101225.25
international,1,37706.0
[open],1,37706.0
controller,8,56526.25
minirig,1,27124.0
loudest,1,27124.0
pocket,1,27124.0
speaker?,2,17375.5
vodafone,1,108489.0
platinum,1,108489.0
"$10,000",1,764343.0
calls,1,101793.0
accessory?,1,103351.0
tobii,1,103351.0
eyex,1,103351.0
tracker!,1,103351.0
4.0,1,22362.0
edit,3,23086.333333333332
youtube:,1,27114.0
games:,6,101359.0
#1,2,160254.0
4.5,1,137450.0
party,1,28501.0
speakers,4,96194.25
(2016)?,1,28501.0
months,1,22200.0
later,2,18129.0
leak,2,663791.5
823,1,522612.0
increase,2,2550462.0
minute.,1,4973617.0
p9,1,204167.0
channels,1,14694.0
(mrwhosetheboss,1,14694.0
winners),1,14694.0
lollipops,1,47911.0
candy,1,47911.0
lighter,1,315456.0
imaginable?,1,25522.0
evolution,1,31638.0
gloves,1,27290.0
hand,1,27290.0
as,1,27290.0
turbocharge,1,86256.0
(march,1,17483.0
2016),1,17483.0
skin/case,1,77680.0
box,5,21487.2
pringles,1,57335.0
fix,2,160958.5
water-damaged,1,126445.0
g5,1,61408.0
earphones?,3,41307.333333333336
midrange,1,47861.0
flagship.,1,47861.0
replica?,1,31816.0
72-inch,1,77501.0
portable,7,29426.14285714286
cinema,3,232238.33333333334
glasses!,1,77501.0
10-core,1,115686.0
controlled,3,29428.0
levitating,3,58993.0
ball!,1,15148.0
surround,2,63771.5
earphones!,1,28514.0
eyes,1,50159.0
screens!,2,33329.0
giveaway!,5,6802.4
filming,1,13529.0
videos!,2,15558.0
ridiculously,1,22113.0
emoji,1,22113.0
pillows!,1,22113.0
gopro,1,129539.0
until,1,129539.0
stunning,1,40954.0
photos,2,32547.0
goals,1,13829.0
powerful?,1,86067.0
growing,1,12471.0
speakers?,1,80167.0
quadcopter,2,24896.0
rockjaw,3,9474.666666666666
alfa,3,9474.666666666666
genus,3,9474.666666666666
bass,7,24947.428571428572
anybody?,1,9753.0
hoverboards,1,17956.0
self,1,17956.0
balance,1,17956.0
scooters,1,17956.0
yu,1,18772.0
yutopia,1,18772.0
asian,1,18772.0
king?,2,18227.5
shine,1,12003.0
glowing,1,12003.0
wonders,1,12003.0
favourite,3,11884.666666666666
(2015),8,384559.875
ps4,8,83377.25
christmas,1,11302.0
(international)!,2,11790.0
hybrid,1,84549.0
driver,4,58853.75
helio,2,67501.0
x30,1,84682.0
deca-core,1,84682.0
processor,2,67501.0
letv,1,91107.0
le,1,91107.0
flawless?,1,91107.0
paper,1,21800.0
plane!,1,21800.0
shake,1,16976.0
skull!,1,16976.0
cinema!,1,68827.0
soundmagic,4,16598.5
vento,1,8544.0
p55,1,8544.0
ath,1,8544.0
m50x,1,8544.0
astro,1,7901.0
audio,7,14441.714285714286
revolution?,2,10798.0
winners!,1,13181.0
x10,1,50320.0
kz,1,120656.0
ate,1,120656.0
"land,",1,51336.0
air,6,66343.66666666667
sea,1,51336.0
quadcopter!,1,51336.0
2015?,8,147118.0
microphone,1,36808.0
voiceovers!,1,36808.0
start,1,141792.0
(2015-2016),5,212459.0
hifi,4,26644.5
music,2,36145.0
player,2,48134.0
2015!,14,83174.35714285714
zeblaze,1,15730.0
smartwatch,4,134191.0
paint,1,229620.0
zoro,1,6913.0
mi4c,1,46336.0
giant,2,15760.0
invincible!,1,206714.0
1.0!,1,13912.0
zuk,1,24319.0
z1,1,24319.0
print,1,24140.0
instantly,1,24140.0
minecraft,3,69950.66666666667
eyes!,1,22251.0
logitech,2,18812.5
harmony,1,29060.0
elite,1,29060.0
dumb,1,29060.0
zaydo,1,11267.0
pulse,1,11267.0
egx,1,10450.0
mouse,2,380619.0
xfire,1,17683.0
hammo,1,4185.0
s,4,8758.75
fashion,1,4185.0
meets,1,4185.0
hong,1,11241.0
kong,1,11241.0
2015,17,75452.35294117648
inateck,2,10063.5
marsbox,1,7715.0
grid,1,10338.0
divoom,1,90511.0
aurabox,1,90511.0
lets,2,39089.0
grow,1,28499.0
channel!,1,28499.0
gameplay,22,47981.818181818184
trailer!,1,13659.0
yeelight,1,120958.0
lamp,3,63219.0
technologies,1,93530.0
basspulse,1,99029.0
2.1,1,99029.0
moxo,1,71740.0
x-1,1,71740.0
wonder,1,71740.0
chuwi,1,26207.0
vi7,1,26207.0
be?,3,29281.666666666668
p8000,1,51645.0
ziovo,1,8303.0
"50,000",1,8303.0
subscriber,1,8303.0
:d,2,97530.0
parody!,2,136578.5
forever,1,18923.0
suaoki,1,18923.0
august-september,2,26029.0
kp,1,13695.0
sling,1,13695.0
rucksack,1,13695.0
socks,1,82643.0
off!,1,82643.0
globe,1,90091.0
mercurybox,1,12412.0
m10,2,153054.5
ps3,3,30508.666666666668
ps2,1,15833.0
ps1,1,15833.0
(august,1,27337.0
2015),1,27337.0
design,4,11642.5
adagio,1,10583.0
iii,1,10583.0
(3),2,129062.0
time!,2,60965.5
e80,2,23359.0
¬£100,1,43253.0
way,2,660952.5
waterproof,2,661193.5
tablet?,1,1316600.0
aukey,1,49891.0
4.1,3,28696.333333333332
sport,2,54738.0
rio,1,5276.0
vinovo,1,82876.0
s6,3,161744.66666666666
voix,2,5649.0
blu,1,4264.0
clock,1,66110.0
1up,2,2933.0
arcade!,1,2167.0
wraps,1,37929.0
arcana,2,9335.5
hydra,2,9335.5
china,4,81344.0
western,1,205335.0
triple,1,4723.0
psp?,1,486601.0
terrain,1,7162.0
camo,1,7162.0
addix,1,309607.0
mount,2,168683.5
x550,1,23623.0
5350mah,1,23623.0
!,1,97761.0
oukitel,1,51125.0
universe,1,51125.0
tap,1,51125.0
u8,1,51125.0
soocoo,1,14204.0
s33ws,1,14204.0
british,1,27049.0
korean,1,27049.0
food!,1,27049.0
ÌïúÍµ≠,1,27049.0
Î∂àÎüâÏãùÌíà,1,27049.0
ÏòÅÍµ≠Ïù∏Îì§Ïùò,1,27049.0
Î∞òÏùë,1,27049.0
emax,1,25290.0
jurassic,1,12313.0
mi5,1,804971.0
820,1,804971.0
4gb,1,804971.0
20mp,1,804971.0
3800mah,1,804971.0
battery!,1,804971.0
mstar,1,64225.0
s700,1,64225.0
aiwatch,1,72737.0
a8+,1,72737.0
watch,4,129697.75
budget?,1,72737.0
each,1,134564.0
g4000,1,134564.0
number,2,22339.5
helpdesk!,1,22993.0
2015-2016!,2,226091.0
worldpenscan,1,38375.0
action!,5,54440.4
june-july,1,26542.0
month,5,10079.0
g4,3,115438.33333333333
hammer,1,154713.0
strongest,1,154713.0
blockopedia,1,29940.0
impressions!,9,150200.66666666666
printing,1,190422.0
pen,2,101541.0
mid-air!,1,190422.0
pipo,8,18949.875
w4,1,34399.0
omniomegaob,2,15001.5
vitaboys,2,15001.5
winners,6,3371.5
announced,1,10761.0
(some...)!,1,10761.0
$45,1,158478.0
laser,1,158478.0
k3,1,1284810.0
tornado,1,6089.0
fun,1,6089.0
experiment,1,6089.0
kids!,1,6089.0
eachine,1,3465.0
banggood.com,1,3465.0
roverbeats,1,5646.0
t12,1,5646.0
happy,1,19441.0
10th,1,19441.0
birthday,1,19441.0
slim,5,198825.2
p30s,1,7077.0
project,2,630651.0
anywhere,1,1258663.0
coming!,1,155817.0
p21s,1,7520.0
budget!,2,56845.5
collaboration,1,19242.0
april-may,1,19242.0
piston,3,112631.33333333333
cubot,5,44079.2
x9,2,78844.0
jetpack,1,47474.0
joyride,1,47474.0
deluxe!,1,47474.0
bluelounge,1,27241.0
kickflip,1,27241.0
stand,1,27241.0
pro!,1,27241.0
5.3,1,499881.0
-syma,1,12904.0
pioneer,1,12904.0
5.2,1,117347.0
knights,1,14954.0
dragons,1,14954.0
ios/android,2,119679.5
rpg,2,119679.5
glasses,2,7602.5
seen!,1,8165.0
hotline,2,29440.5
miami,2,29440.5
2:,1,21686.0
gameplay!,8,36816.75
mug,1,54774.0
mixes,1,54774.0
drink,1,54774.0
sense,1,111309.0
3ds,27,90099.66666666667
in-ear,2,76473.5
dunu,2,20555.0
dn-2000,2,20555.0
splash,1,5787.0
tunes,1,5787.0
shower,1,5787.0
hunter,10,80056.7
m9,1,11862.0
m8,10,36463.5
whats,2,10283.0
new?,1,11862.0
gsou,2,2964.0
u150,1,2615.0
luftrausers,1,6576.0
atongm,1,377539.0
w008,1,377539.0
syllable,1,7157.0
g15,1,7157.0
cheap?,1,37755.0
illuminati,1,37755.0
confirmed,1,37755.0
u130,1,3313.0
specifications,1,122991.0
dreams!!,1,122991.0
uk!,1,239471.0
vibe,5,21677.4
blackair,1,7627.0
glow,1,47494.0
dark,2,56602.5
drinks!,1,47494.0
severed,1,4522.0
year?,1,4522.0
borderlands,9,82551.11111111111
slick,1,2532.0
grip,3,37261.666666666664
5-in-1,1,2532.0
axgio,2,17326.5
neon,2,17326.5
n2q,2,17326.5
lieqi,1,8880.0
universal,3,54460.333333333336
clip,2,18320.0
lens,1,8880.0
work?,1,8880.0
reduce,1,16499.0
strain,1,16499.0
skin!,1,74514.0
innori,2,2801.5
natural,1,2589.0
light,1,2589.0
please,1,7841.0
help,1,7841.0
:),1,7841.0
taichi,1,224405.0
panda,1,224405.0
shield,19,44453.84210526316
tablet:,1,14408.0
pre-sequel,1,14408.0
ps4:,1,47933.0
beyond,1,47933.0
gotham,1,47933.0
3:,1,157465.0
hopes,1,157465.0
vidon,1,13718.0
2015:,1,43082.0
still,1,43082.0
(2014-2015),22,101510.31818181818
performance,6,66934.33333333333
casebase,1,2249.0
nexus,5,20252.2
wallet,1,2249.0
tablets,2,15022.0
$30?,1,3764.0
al,1,3764.0
t-800,1,3764.0
pokemon,2,48088.0
omega,2,48088.0
ruby,2,48088.0
case?,1,3914.0
official,1,3914.0
floureon,2,4290.5
recharging,1,3914.0
announcement,2,42770.5
ctn,1,1632.0
technologynews,1,1632.0
collaboration!,1,1632.0
fli-overs,1,11100.0
40w,1,4667.0
5-port,1,4667.0
adaptor,1,4667.0
devices,1,4667.0
once!,1,4667.0
2014,8,19225.125
bigger!!,1,197753.0
website?,1,54617.0
gearbest,1,54617.0
haul,1,54617.0
video!,1,54617.0
iblue,1,8352.0
i8,1,8352.0
stylish,1,8352.0
v3.0,1,8352.0
headset/earpiece,1,8352.0
coming,2,188472.5
november-december,2,9952.5
2014!,8,32043.75
(ctntechnologynews,1,4352.0
collab),1,4352.0
uhappy,2,21902.0
up520,2,21902.0
(2014-2015)!,1,56410.0
qhd,1,13790.0
4.4,1,13790.0
newfrog.com,1,13790.0
2014-2015!,3,47703.666666666664
jvc,1,59558.0
gc-px100,1,59558.0
killzone,4,77438.0
mercenary,4,77438.0
happen!,1,5696.0
vita:,9,63164.333333333336
virtua,1,9414.0
tennis,1,9414.0
initial,1,9414.0
request!,1,209229.0
winner,3,4187.333333333333
announced!,8,2944.0
monkey,1,38476.0
ball:,1,38476.0
banana,1,38476.0
splitz,1,38476.0
gamepla,1,38476.0
jawbone,4,12331.0
jambox,5,10191.8
classic,1,5721.0
jambox!,1,5721.0
22400mah,1,3014.0
high,3,8924.666666666666
capacity,1,3014.0
output,1,3014.0
b,1,3014.0
ipega,2,61704.5
pg-9025,1,17895.0
multimedia,1,17895.0
october-november,1,26089.0
heaven,2,12947.0
iv,1,22221.0
pixeljunk,1,8715.0
shooter,3,71343.33333333333
september-october,2,41683.5
3000,1,100567.0
properly,1,163130.0
bubbles!,1,163130.0
ragnarok,2,19080.0
odyssey,2,19080.0
ace,2,19080.0
tegra,2,7494.0
k1,1,10559.0
peformance,1,10559.0
smash,1,11290.0
bros.,1,11290.0
sardine,1,19641.0
nizhi,1,19641.0
sdy,1,19641.0
019,1,19641.0
oled,2,71747.5
bracelet,2,71747.5
$2,2,47234.0
earpods,1,9445.0
table,2,15174.5
racing,2,15174.5
tronsmart,1,30517.0
orion,1,30517.0
r28,1,30517.0
rk3288,1,30517.0
g3,4,4734.0
2014's,1,4892.0
update:,1,9465.0
buy?,5,81691.8
suck,1,9465.0
trophies,1,9465.0
benchmarks,1,2526.0
"quadrant,",1,2526.0
"antutu,",1,2526.0
3dmark!,1,2526.0
boomsound,2,9240.5
unikcase,1,5787.0
quick,2,7008.0
"""super",1,87173.0
"bass""",1,87173.0
buying?,1,87173.0
xperia,5,47638.0
z4,1,43250.0
done!,1,43250.0
emulator,1,17269.0
soundbar,1,17001.0
"wow,",1,37195.0
awesome!,1,37195.0
qi,1,9602.0
4000mah,1,9602.0
(dhgate.com),5,112869.6
2014-2015?,1,7609.0
talks,1,7609.0
flappy,2,6670.0
bird,1,6100.0
2-,1,6100.0
touch,3,20571.333333333332
spikes,1,6100.0
review!!,6,8107.666666666667
$12,2,43881.5
replica,10,27449.9
ipod,4,53981.0
3rd,1,75287.0
gen,1,75287.0
8gb,1,75287.0
invictus,1,18719.0
controller!,1,31267.0
micro,1,395836.0
sd,1,395836.0
sandisk,1,395836.0
cards,1,395836.0
fake?,1,395836.0
(goophone,1,38870.0
i6),1,38870.0
rayman,4,19946.5
legends,2,19946.5
gameboy,4,44510.0
advance,3,11473.333333333334
summary,1,2469.0
(4.4.3,1,2469.0
update),1,2469.0
good?,1,2469.0
learn,1,54531.0
drawing,1,54531.0
app!,2,90919.0
gamestream,2,100947.5
splashtop!,1,4902.0
vsonic,2,11291.0
vsd3s,2,11291.0
polymorph,1,106923.0
anything,1,106923.0
to!,1,106923.0
2014-2015,5,62599.6
cardboard,1,7412.0
set,1,7412.0
retina,5,20531.2
antique,1,2350.0
cover,2,33871.5
earson,2,37482.5
er-151,2,37482.5
tp-link,1,42540.0
av500,1,42540.0
powerline,1,42540.0
adapter,1,42540.0
starter,1,42540.0
ratchet,4,133844.0
clank,4,133844.0
hd,27,111858.88888888889
trilogy,3,118674.66666666667
chromecast,1,2553.0
jinhao,1,12660.0
1200,1,12660.0
golden,2,12719.0
dragon,1,12660.0
fountain,1,12660.0
modern,1,143404.0
combat,1,143404.0
minute,1,9216.0
(latest,1,9216.0
model),1,9216.0
fivestar,2,93126.0
f-808,2,93126.0
everbuying.com,3,64812.333333333336
multi-function,1,19267.0
opinion,4,242047.5
july-august,2,44206.0
laptop,1,40389.0
note:,1,36506.0
in-depth,1,36506.0
tennmak,1,5383.0
dulcimer,1,5383.0
aircraft,1,5383.0
aluminium,1,5383.0
muramasa,1,7299.0
rebirth,1,7299.0
octa-core,2,252091.0
dancing,1,262564.0
updated,1,53196.0
gameklip,1,27760.0
mounts,1,27760.0
android/ios,1,27760.0
sms,2,2991.5
street,2,2991.5
vs.,1,179352.0
psp,4,161603.0
size,1,179352.0
matters,1,179352.0
yahoo,1,7515.0
aviate,1,7515.0
launcher?,1,7515.0
collection,1,117808.0
prime,2,19659.5
world:,1,1843.0
defenders,1,1843.0
assorted,1,1632.0
journey,1,2639.0
mckinsey,1,2639.0
leadership,1,2639.0
academy,1,2639.0
"30,000mah",1,8185.0
solar,1,8185.0
powered,1,8185.0
1.0,1,6191.0
2000,2,50558.0
trigger,2,54626.5
botzone,1,44955.0
gt99,3,20902.666666666668
later!,2,13119.5
(dhgate),1,2252.0
patch,1,195472.0
ppsspp,2,4605.5
kingdom,1,5840.0
hearts:,1,5840.0
birth,1,5840.0
sleep,1,5840.0
z-run,1,6533.0
(2014),5,11732.2
ttpod,1,27838.0
penon,2,17321.5
needs!,1,7195.0
(2014,1,7195.0
2017),1,7195.0
terraria,1,23098.0
(2014)-,1,45379.0
its,2,41427.5
rocks!,1,45379.0
havi,2,61514.0
b3,2,61514.0
great,1,5078.0
little,1,5078.0
war,1,5078.0
joystick,1,66575.0
earbud,1,66575.0
mod!,1,66575.0
person,1,90418.0
blitz,1,90418.0
brigade,1,90418.0
(part,2,60831.0
2),1,38161.0
fli,2,43564.0
fez,1,1886.0
trailer,1,10363.0
e3,1,10363.0
(mh4u),1,10363.0
original!,1,356296.0
(including,1,14541.0
test)!,1,14541.0
sealed,1,2938.0
remote:,1,126741.0
tv!,1,126741.0
solo,1,3154.0
opinion!,1,3154.0
razer,3,10119.0
blackwidow,3,10119.0
golf:,1,17348.0
may-june,1,37302.0
shield:,1,14754.0
dogs,1,14754.0
maximum,1,14754.0
collection!,2,9571.5
dhgate,3,28943.0
moxpad,1,59585.0
aliexpress,1,59585.0
ds,2,164796.0
gba,1,185648.0
sp,1,185648.0
gbc,1,185648.0
soul,2,6211.5
sacrifice,1,9918.0
delta,1,9918.0
shuffle,1,85023.0
ops,1,115697.0
declassified!,1,115697.0
idea!,1,37476.0
headphone,2,6341.5
sapphire,1,41928.0
kyogre,1,41928.0
groudon,1,41928.0
thoughts!,1,41928.0
gold,1,65393.0
skin,1,65393.0
thing!,1,65393.0
souls,1,65711.0
gaming!,2,53109.0
:,1,196096.0
accessories,2,382383.0
1080p,1,7524.0
including,1,7524.0
slow-motion,1,7524.0
footage!,1,7524.0
ludacris,1,2505.0
$600,1,105832.0
fruit,1,1702.0
ninja,1,1702.0
gone,1,1702.0
kinghunt,1,1702.0
uk,4,57050.75
kart,2,3087.0
rainbow,1,3087.0
road,1,3087.0
z2,3,59356.666666666664
screwdriver,3,6080.0
style!,3,6080.0
art,2,5268.5
books,1,2308.0
consoles!,1,237749.0
done?,1,319482.0
1),1,83501.0
you'll,1,6358.0
need!,1,6358.0
hdmi,1,6358.0
volume,1,127307.0
20-30%,1,127307.0
ears,4,8595.5
boom,2,8392.0
first-person,1,114897.0
(fps),1,114897.0
crysis,4,66839.0
engine,1,207746.0
demo,2,150618.0
cryengine,1,207746.0
quixel,1,207746.0
playing,1,196993.0
120,1,196993.0
miles,1,196993.0
home!,1,196993.0
2014?,2,190210.5
2020!,1,37863.0
yours,1,37863.0
create,1,106171.0
lighting,1,106171.0
destroys,1,17556.0
direction:,1,7240.0
earth?,1,7240.0
remove,1,137668.0
scratches,1,137668.0
fingerprints,1,137668.0
showdown,1,107595.0
hd!,2,55751.5
air:,1,3908.0
trailers,1,3908.0
loads,1,19179.0
extras!,1,19179.0
slim:,1,568670.0
transparent!!!,1,705699.0
blowing:,1,8637.0
7!,1,8637.0
humanoid,1,2821.0
starts,1,2821.0
dancing!,1,2821.0
mechrc,1,2821.0
bot,1,2821.0
fantasy,1,5068.0
x/x-2,1,5068.0
remaster,1,5068.0
colour!,1,143620.0
see!!,1,143620.0
jbm-mj,1,15897.0
rock,1,15897.0
undistorted,1,15897.0
(as,1,295503.0
2014-2015),1,295503.0
mooke,1,12778.0
fiesta,1,10043.0
run!,1,10043.0
mobile!,1,10043.0
frontline,1,7398.0
commando,1,7398.0
step-by-step,1,123404.0
tutorial,1,123404.0
tutorial:,1,73623.0
s5!,1,73623.0
studio,2,13130.5
headphones!,1,12476.0
said,1,168965.0
no,1,168965.0
games?,1,168965.0
$1.50,1,23775.0
dr.,1,23775.0
dre!,1,23775.0
ray-ban,1,8511.0
sunglasses,1,8511.0
$2!,1,8511.0
powerhouse!!,1,221250.0
device!,1,221250.0
¬£50??,1,6698.0
nook,1,6698.0
simple-touch,1,6698.0
kindle!,1,6698.0
launcher!,1,9321.0
homepack,1,9321.0
buzz,1,9321.0
console?,1,50511.0
shield!!!,1,50511.0
$50!!!!,1,66384.0
denon,2,40336.5
urban,2,40336.5
ravers,2,40336.5
ah,1,66384.0
d320,1,66384.0
today,1,5777.0
ah-c301,1,14289.0
headphones!!!,1,7256.0
somic,1,7256.0
mh489,1,7256.0
pandawill.com,6,12859.0
$70!!!,1,3436.0
"1,000,000",1,8356.0
views,1,8356.0
finally+nvidia,1,8356.0
unboxing!!!,2,17364.5
boombox,1,26373.0
pill,1,26373.0
m6,3,22898.0
ips,1,23987.0
jelly,1,23987.0
bean,1,23987.0
¬£170!!,1,36926.0
pandawill,1,36926.0
com,1,36926.0
¬£170,1,7781.0
rematch!!!,1,162618.0
accessory!?,1,16584.0
two,2,5458.5
go!,1,4539.0
s4,3,22462.0
¬£150???,2,27095.5
follow,1,13368.0
thl,2,27095.5
w8,2,27095.5
type,1,13195.0
¬£150?,1,13195.0
hyundai,3,23614.666666666668
t7,3,23614.666666666668
"15""",1,31612.0
display,2,59888.5
vitas,1,7186.0
silicone,1,13784.0
look,2,48197.0
possibly,1,47602.0
ever...akg,1,47602.0
q701,1,47602.0
quincy,1,47602.0
jones,1,47602.0
sennheiser,2,26365.0
pxc,2,26365.0
450,2,26365.0
noise,2,26365.0
cancelling,2,26365.0
headphones!??,1,38945.0
noiseguard,1,38945.0
$90,1,4490.0
over,1,4490.0
4000,1,4490.0
quadrant!!!,1,4490.0
android!??,1,37341.0
nova,1,37341.0
pen...,1,8704.0
deal?,1,8704.0
wow!,1,8436.0
quadrant,3,8314.666666666666
benchmark,2,4037.0
triplefi,2,8799.0
noise-isolating,2,8799.0
coca,1,115802.0
cola,1,115802.0
montage,1,115802.0
brand,3,15399.0
alternative,3,20611.0
original,1,143944.0
difference!!,1,143944.0
unboxing-is,1,12617.0
it??,1,12617.0
xl?,1,272318.0
beyblade,1,89560.0
world!!,1,89560.0
watch!!,1,9999.0
www.everbuying.com,1,9999.0
sale!,1,7818.0
u1,1,7818.0
www.pandawill.com,1,7818.0
ever-head,1,6378.0
head!!,1,6378.0
ainol,2,9038.5
novo,2,9038.5
ray,1,7040.0
ban-like,1,7040.0
$22!!!,1,7040.0
www.knowoutlet.com,1,7040.0
stealth,2,11139.0
looks,1,6126.0
plantronics,2,15393.0
380,1,15393.0
367,1,15393.0
headsets,1,15393.0
colletion,1,7757.0
random,1,6540.0
dealextreme,1,6540.0
earphone,1,6540.0
kanen,1,7829.0
screensaver,1,22144.0
gtx,1,12273.0
680,1,12273.0
surround!!,1,12273.0
lady,1,11510.0
gaga,1,11510.0
heartbeats,1,11510.0
maxed,3,12648.333333333334
fps!!,1,12677.0
$1500!,1,9807.0
warhead,1,9592.0
7950,1,9592.0
out!!,1,9592.0
build,1,19506.0
~$1500-test!,1,19506.0
build~$1500,1,9502.0
improve,1,9952.0
100%,1,9952.0
works!!,1,9952.0
metro,1,9975.0
2033,1,9975.0
settings!!,1,9975.0
battlefield,1,15676.0
pci!!,1,15676.0
mix-style,1,10715.0
arc/arc,1,16870.0
kernel,1,16870.0
week,5,16954.6
64,1,31028.0
speakers!,1,141266.0
rom,2,49956.0
acer,3,47941.666666666664
iconia,3,47941.666666666664
tab,1,33399.0
a500,2,55213.0
install,1,66513.0
onto,1,66513.0
zte,2,415733.5
blade,2,415733.5
olympus,1,97048.0
sz-10,1,97048.0
camera/,1,97048.0
hama,1,97048.0
61,1,97048.0
tripod,1,97048.0
optimize,1,764954.0
